<?xml version="1.0" encoding="UTF-8"?>
<jcr:root xmlns:jcr="http://www.jcp.org/jcr/1.0" xmlns:nt="http://www.jcp.org/jcr/nt/1.0" xmlns:granite="http://www.adobe.com/jcr/granite/1.0" xmlns:cq="http://www.day.com/jcr/cq/1.0" xmlns:sling="http://sling.apache.org/jcr/sling/1.0"
    jcr:primaryType="nt:unstructured"
    jcr:title="Image"
    sling:resourceType="cq/gui/components/authoring/dialog"
    extraClientlibs="[demo.touchui-dialog.editor]"
    helpPath="https://www.adobe.com/go/aem_cmp_image_v2"
    trackingFeature="core-components:image:v2">
    <content
        granite:class="cmp-image__editor"
        jcr:primaryType="nt:unstructured"
        sling:resourceType="granite/ui/components/coral/foundation/container">
        <items jcr:primaryType="nt:unstructured">
            <tabs
                jcr:primaryType="nt:unstructured"
                sling:resourceType="granite/ui/components/coral/foundation/tabs"
                maximized="{Boolean}true">
                <items jcr:primaryType="nt:unstructured">
                    <asset
                        jcr:primaryType="nt:unstructured"
                        jcr:title="Asset"
                        sling:resourceType="granite/ui/components/coral/foundation/container"
                        margin="{Boolean}true">
                        <items jcr:primaryType="nt:unstructured">
                            <columns
                                jcr:primaryType="nt:unstructured"
                                sling:resourceType="granite/ui/components/coral/foundation/fixedcolumns"
                                margin="{Boolean}true">
                                <items jcr:primaryType="nt:unstructured">
                                    <column
                                        jcr:primaryType="nt:unstructured"
                                        sling:resourceType="granite/ui/components/coral/foundation/container">
                                        <items jcr:primaryType="nt:unstructured">
                                            <file
                                                jcr:primaryType="nt:unstructured"
                                                sling:resourceType="cq/gui/components/authoring/dialog/fileupload"
                                                class="cq-droptarget"
                                                fileNameParameter="./fileName"
                                                fileReferenceParameter="./fileReference"
                                                mimeTypes="[image/gif,image/jpeg,image/png,image/tiff,image/svg+xml]"
                                                name="./file"/>
                                        </items>
                                    </column>
                                </items>
                            </columns>
                        </items>
                    </asset>
                    <metadata
                        jcr:primaryType="nt:unstructured"
                        jcr:title="Metadata"
                        sling:resourceType="granite/ui/components/coral/foundation/container"
                        margin="{Boolean}true">
                        <items jcr:primaryType="nt:unstructured">
                            <columns
                                jcr:primaryType="nt:unstructured"
                                sling:resourceType="granite/ui/components/coral/foundation/fixedcolumns"
                                margin="{Boolean}true">
                                <items jcr:primaryType="nt:unstructured">
                                    <column
                                        jcr:primaryType="nt:unstructured"
                                        sling:resourceType="granite/ui/components/coral/foundation/container">
                                        <items jcr:primaryType="nt:unstructured">
                                            <dynamicmediaGroup
                                                granite:class="cmp-image__editor-dynamicmedia"
                                                granite:hide="${!cqDesign.enableDmFeatures}"
                                                jcr:primaryType="nt:unstructured"
                                                sling:resourceType="granite/ui/components/coral/foundation/well">
                                                <items jcr:primaryType="nt:unstructured">
                                                    <dmpresettypecontainer
                                                        jcr:primaryType="nt:unstructured"
                                                        sling:resourceType="granite/ui/components/coral/foundation/container">
                                                        <items jcr:primaryType="nt:unstructured">
                                                            <presettype
                                                                jcr:primaryType="nt:unstructured"
                                                                sling:resourceType="granite/ui/components/coral/foundation/form/radiogroup"
                                                                deleteHint="{Boolean}true"
                                                                fieldDescription="Select either an Image Preset or Smart Crop rendition."
                                                                fieldLabel="Preset Type"
                                                                name="./dmPresetType"
                                                                text="Preset Type"
                                                                wrapperClass="cmp-image__editor-dynamicmedia-presettype">
                                                                <items jcr:primaryType="nt:unstructured">
                                                                    <option1
                                                                        jcr:primaryType="nt:unstructured"
                                                                        checked="{Boolean}true"
                                                                        text="Image Preset"
                                                                        value="imagePreset"/>
                                                                    <option2
                                                                        jcr:primaryType="nt:unstructured"
                                                                        text="Smart Crop"
                                                                        value="smartCrop"/>
                                                                </items>
                                                            </presettype>
                                                        </items>
                                                    </dmpresettypecontainer>
                                                    <imagepreset
                                                        granite:class="cmp-image__editor-dynamicmedia-imagepreset"
                                                        jcr:primaryType="nt:unstructured"
                                                        sling:resourceType="granite/ui/components/coral/foundation/form/select"
                                                        fieldDescription="Image Preset to use when rendering image."
                                                        fieldLabel="Image Preset"
                                                        name="./imagePreset">
                                                        <datasource
                                                            jcr:primaryType="nt:unstructured"
                                                            sling:resourceType="dam/components/scene7/common/imagepresetdatasource"/>
                                                    </imagepreset>
                                                    <smartcroprenditions
                                                        granite:class="cmp-image__editor-dynamicmedia-smartcroprendition"
                                                        jcr:primaryType="nt:unstructured"
                                                        sling:resourceType="granite/ui/components/coral/foundation/form/select"
                                                        fieldDescription="Select Auto for Dynamic Media to decide the best rendition. Else select a specific smart crop rendition."
                                                        fieldLabel="Rendition"
                                                        name="./smartCropRendition"/>
                                                    <imageModifiers
                                                        jcr:primaryType="nt:unstructured"
                                                        sling:resourceType="granite/ui/components/coral/foundation/form/textfield"
                                                        fieldDescription="Additional Dynamic Media Image Serving commands separated by '&amp;'.Field gives complete flexibility to change image effects."
                                                        fieldLabel="Image Modifiers"
                                                        name="./imageModifiers"/>
                                                </items>
                                            </dynamicmediaGroup>
                                            <decorative
                                                jcr:primaryType="nt:unstructured"
                                                sling:resourceType="granite/ui/components/coral/foundation/form/checkbox"
                                                checked="${not empty cqDesign.isDecorative ? cqDesign.isDecorative : false}"
                                                fieldDescription="Check if the image should be ignored by assistive technology and therefore does not require an alternative text. This applies to decorative images only."
                                                forceIgnoreFreshness="true"
                                                name="./isDecorative"
                                                text="Image is decorative"
                                                uncheckedValue="false"
                                                value="{Boolean}true"/>
                                            <alternativeGroup
                                                granite:class="cmp-image__editor-alt"
                                                jcr:primaryType="nt:unstructured"
                                                sling:resourceType="granite/ui/components/coral/foundation/well">
                                                <items jcr:primaryType="nt:unstructured">
                                                    <alt
                                                        granite:class="cmp-image__editor-alt-text"
                                                        jcr:primaryType="nt:unstructured"
                                                        sling:resourceType="granite/ui/components/coral/foundation/form/textfield"
                                                        fieldDescription="Textual alternative of the meaning or function of the image, for visually impaired readers."
                                                        fieldLabel="Alternative Text"
                                                        name="./alt"
                                                        required="{Boolean}true"/>
                                                    <altValueFromDAM
                                                        jcr:primaryType="nt:unstructured"
                                                        sling:resourceType="granite/ui/components/coral/foundation/form/checkbox"
                                                        checked="${not empty cqDesign.altValueFromDAM ? cqDesign.altValueFromDAM : true}"
                                                        fieldDescription="When checked, populate the image's alt attribute with the value of the dc:description metadata in DAM."
                                                        forceIgnoreFreshness="true"
                                                        name="./altValueFromDAM"
                                                        text="Get alternative text from DAM"
                                                        uncheckedValue="false"
                                                        value="{Boolean}true"/>
                                                </items>
                                            </alternativeGroup>
                                            <captionGroup
                                                jcr:primaryType="nt:unstructured"
                                                sling:resourceType="granite/ui/components/coral/foundation/well">
                                                <items jcr:primaryType="nt:unstructured">
                                                    <caption
                                                        jcr:primaryType="nt:unstructured"
                                                        sling:resourceType="granite/ui/components/coral/foundation/form/textfield"
                                                        fieldDescription="Additional information about the image."
                                                        fieldLabel="Caption"
                                                        name="./jcr:title"/>
                                                    <titleValueFromDAM
                                                        jcr:primaryType="nt:unstructured"
                                                        sling:resourceType="granite/ui/components/coral/foundation/form/checkbox"
                                                        checked="${not empty cqDesign.titleValueFromDAM ? cqDesign.titleValueFromDAM : true}"
                                                        fieldDescription="When checked, populate the image's caption with the value of the dc:title metadata in DAM."
                                                        forceIgnoreFreshness="true"
                                                        name="./titleValueFromDAM"
                                                        text="Get caption from DAM"
                                                        uncheckedValue="false"
                                                        value="{Boolean}true"/>
                                                    <displayPopupTitle
                                                        jcr:primaryType="nt:unstructured"
                                                        sling:resourceType="granite/ui/components/coral/foundation/form/checkbox"
                                                        checked="${not empty cqDesign.displayPopupTitle ? cqDesign.displayPopupTitle : true}"
                                                        fieldDescription="When checked, the caption won't be displayed below the image, but as a pop-up displayed by some browsers when hovering over the image."
                                                        forceIgnoreFreshness="true"
                                                        name="./displayPopupTitle"
                                                        text="Display caption as pop-up"
                                                        uncheckedValue="false"
                                                        value="{Boolean}true"/>
                                                </items>
                                            </captionGroup>
                                            <linkURL
                                                jcr:primaryType="nt:unstructured"
                                                sling:resourceType="granite/ui/components/coral/foundation/form/pathfield"
                                                fieldDescription="Make the image a link to another resource."
                                                fieldLabel="Link"
                                                name="./linkURL"
                                                nodeTypes="dam:Asset, nt:file, cq:Page"
                                                rootPath="/content"
                                                wrapperClass="cmp-image__editor-link"/>
                                            <id
                                                jcr:primaryType="nt:unstructured"
                                                sling:resourceType="granite/ui/components/coral/foundation/form/textfield"
                                                fieldDescription="HTML ID attribute to apply to the component."
                                                fieldLabel="ID"
                                                name="./id"
                                                validation="html-unique-id-validator"/>
                                        </items>
                                    </column>
                                </items>
                            </columns>
                        </items>
                    </metadata>
                    <cq:styles
                        jcr:primaryType="nt:unstructured"
                        sling:resourceType="granite/ui/components/coral/foundation/include"
                        path="/mnt/overlay/cq/gui/components/authoring/dialog/style/tab_edit/styletab"/>
                </items>
            </tabs>
        </items>
    </content>
</jcr:root>
