<?xml version="1.0" encoding="UTF-8"?>
<jcr:root xmlns:sling="http://sling.apache.org/jcr/sling/1.0" xmlns:granite="http://www.adobe.com/jcr/granite/1.0" xmlns:cq="http://www.day.com/jcr/cq/1.0" xmlns:jcr="http://www.jcp.org/jcr/1.0" xmlns:nt="http://www.jcp.org/jcr/nt/1.0"
    jcr:primaryType="nt:unstructured"
    jcr:title="Teaser"
    sling:resourceType="cq/gui/components/authoring/dialog"
    extraClientlibs="[core.wcm.components.teaser.v1.design]"
    helpPath="https://www.adobe.com/go/aem_cmp_teaser_v2">
    <content
        granite:class="cmp-teaser__design"
        jcr:primaryType="nt:unstructured"
        sling:resourceType="granite/ui/components/coral/foundation/container">
        <items jcr:primaryType="nt:unstructured">
            <tabs
                jcr:primaryType="nt:unstructured"
                sling:resourceType="granite/ui/components/coral/foundation/tabs"
                maximized="{Boolean}true">
                <items jcr:primaryType="nt:unstructured">
                    <main
                        jcr:primaryType="nt:unstructured"
                        jcr:title="Teaser"
                        sling:resourceType="granite/ui/components/coral/foundation/container"
                        margin="{Boolean}true">
                        <items jcr:primaryType="nt:unstructured">
                            <allowedcities
                                jcr:primaryType="nt:unstructured"
                                sling:resourceType="granite/ui/components/coral/foundation/form/select"
                                fieldLabel="Cities"
                                multiple="{Boolean}true"
                                name="./cities">
                                <items jcr:primaryType="nt:unstructured">
                                    <delhi
                                        jcr:primaryType="nt:unstructured"
                                        selected="{Boolean}true"
                                        text="Delhi"
                                        value="Delhi"/>
                                    <mumbai
                                        jcr:primaryType="nt:unstructured"
                                        text="Mumbai"
                                        value="Mumbai"/>
                                    <pune
                                        jcr:primaryType="nt:unstructured"
                                        text="Pune"
                                        value="Pune"/>
                                    <hyderabad
                                        jcr:primaryType="nt:unstructured"
                                        text="Hyderabad"
                                        value="Hyderabad"/>
                                    <chennai
                                        jcr:primaryType="nt:unstructured"
                                        text="Chennai"
                                        value="Chennai"/>
                                    <jaipur
                                        jcr:primaryType="nt:unstructured"
                                        text="Jaipur"
                                        value="Jaipur"/>
                                    <bangalore
                                        jcr:primaryType="nt:unstructured"
                                        text="Bangalore"
                                        value="Bangalore"/>
                                </items>
                            </allowedcities>
                        </items>
                    </main>
                </items>
            </tabs>
        </items>
    </content>
</jcr:root>
